Time (s),Speed (m/s),Position (m)
0.0202,0.2118,-0.0112
0.0221,0.2159,-0.0032
0.0278,0.2953,-0.0187
0.0368,0.2862,-0.0814
0.0618,0.6551,-0.0298
0.0664,0.6551,-0.0174
0.0823,0.8627,-0.0217
0.0973,0.8812,-0.1194
0.1017,0.9958,-0.0523
0.122,1.0932,-0.1766
0.1257,1.2455,-0.0653
0.1376,1.1776,-0.2646
0.1438,1.2319,-0.2798
0.1475,1.4817,-0.0725
0.1494,1.5735,-0.0015
0.1631,1.272,-0.4585
0.1809,1.7275,-0.2078
0.1858,1.8088,-0.1832
0.2059,1.8041,-0.4239
0.2323,2.0881,-0.4559
0.2542,2.5006,-0.3104
0.2602,2.4712,-0.4135
0.2962,2.8316,-0.5042
0.2982,2.6204,-0.7411
0.3079,3.1132,-0.3726
0.3366,3.5986,-0.2586
0.3414,2.6517,-1.2689
0.354,3.5946,-0.4924
0.3612,2.7834,-1.3994
0.3724,3.5396,-0.794
0.3747,3.4321,-0.9324
0.3759,4.0362,-0.3449
0.3887,4.5183,-0.036
0.3907,3.8953,-0.6861
0.4059,3.1351,-1.6548
0.4316,3.76,-1.3872
0.4402,3.7788,-1.4901
0.4539,5.1614,-0.3018
0.4635,5.1688,-0.4315
0.4784,4.215,-1.6004
0.4795,5.1075,-0.7236
0.4882,5.4818,-0.4758
0.5082,3.977,-2.2759
0.5501,4.6427,-2.2378
0.558,6.1754,-0.8255
0.5603,6.5363,-0.5007
0.5637,6.0878,-1.0006
0.5796,5.1501,-2.1832
0.624,6.2627,-1.7683
0.6241,4.5853,-3.4472
0.6432,6.2845,-2.055
0.6449,5.9289,-2.4372
0.6465,7.5229,-0.8696
0.678,6.1184,-2.7871
0.6821,5.8426,-3.1308
0.6975,6.7215,-2.5067
0.7084,4.9699,-4.4417
0.7273,6.7155,-3.0138
0.7336,6.6151,-3.2215
0.7394,7.8478,-2.0876
0.7461,8.4396,-1.6097
0.7463,7.1277,-2.925
0.781,8.2431,-2.4099
0.7839,7.0984,-3.6064
0.7949,8.3859,-2.5107
0.7987,8.265,-2.6992
0.8494,7.9879,-3.8828
0.8633,7.523,-4.6014
0.8884,9.1478,-3.4393
0.8971,9.5279,-3.2197
0.906,9.5711,-3.3427
0.9117,8.9237,-4.0978
0.9152,8.0668,-5.0195
0.949,8.2299,-5.4971
0.9506,8.2911,-5.4657
0.9582,8.7906,-5.1138
0.9674,11.5456,-2.5352
0.9682,11.6969,-2.3996
0.976,8.3514,-5.8948
0.9972,9.3944,-5.2651
1.0071,11.0489,-3.8063
1.0318,12.0577,-3.2856
1.0351,10.4038,-5.0063
1.0608,10.2692,-5.657
1.0854,11.7628,-4.6634
1.1146,10.1264,-6.9012
1.1231,10.2972,-6.9071
1.1237,12.246,-4.9719
1.1394,12.3785,-5.166
1.1462,8.9311,-8.7565
1.159,11.713,-6.2457
1.1649,12.7201,-5.364
1.1686,9.318,-8.8439
1.1744,14.2305,-4.0548
1.1778,9.2676,-9.0908
1.2035,10.6906,-8.2205
1.217,14.5343,-4.6685
1.2185,11.3052,-7.9299
1.2439,13.2277,-6.565
1.2468,12.3367,-7.5203
1.2574,13.8164,-6.2743
1.2677,10.2582,-10.0603
1.272,12.4492,-7.9656
1.2831,12.4099,-8.2531
1.2928,12.7021,-8.1784
1.3007,12.2728,-8.7862
1.3013,11.9912,-9.0811
1.3016,11.9609,-9.1176
1.3236,15.071,-6.5065
1.3505,12.5938,-9.5997
1.352,11.7814,-10.4471
1.3561,11.7236,-10.6005
1.3643,10.8566,-11.6562
1.3968,14.8598,-8.4136
1.427,12.8055,-11.1819
1.4339,13.6895,-10.4612
1.438,15.7139,-8.5348
1.4408,10.9953,-13.3203
1.4545,14.3119,-10.3341
1.4654,13.5197,-11.39
1.4709,13.0218,-12.019
1.4711,12.0879,-12.9594
1.4806,14.0801,-11.1981
1.4982,14.7793,-10.9268
1.5023,13.6923,-12.1162
1.5404,15.4894,-11.2605
1.5469,16.1356,-10.7777
1.5547,14.1463,-12.9614
1.5724,13.1529,-14.3994
1.6415,16.921,-12.3996
1.6696,16.1602,-13.8927
1.7084,16.165,-14.9111
1.7102,18.0725,-13.0497
1.7127,23.1607,-8.0299
1.7278,14.3227,-17.2694
1.7606,14.2236,-18.2522
1.8243,20.6823,-13.5377
1.8624,18.4931,-16.79
1.8889,19.8847,-16.1451
1.9578,19.561,-18.4461
1.9701,18.8018,-19.5618
1.9752,21.2609,-17.2518
1.9807,19.4552,-19.2189
1.989,24.6728,-14.2439
2.0061,17.591,-21.8277
2.0105,20.2419,-19.3091
2.0107,17.7667,-21.7892
2.0343,19.5959,-20.6589
2.043,23.8147,-16.6995
2.0454,18.6052,-21.9802
2.0484,18.9837,-21.6913
2.0569,22.0984,-18.8332
2.0733,21.6854,-19.7387
2.0752,20.6016,-20.8782
2.0803,19.4417,-22.1923
2.089,20.6138,-21.2835
2.0909,22.0843,-19.8724
2.099,21.6156,-20.5869
2.1186,26.0432,-16.7563
2.1431,19.8125,-23.7393
2.1574,24.998,-18.9948
2.1706,23.258,-21.1448
2.1708,22.099,-22.3103
2.1868,21.7519,-23.158
2.1949,16.0662,-29.0972
2.2208,21.9667,-24.0107
2.2272,18.9475,-27.2324
2.2451,18.7412,-28.007
2.2732,23.6804,-23.967
2.2802,22.3473,-25.5255
2.3076,22.3255,-26.4317
2.3131,24.0871,-24.8489
2.3633,24.7307,-25.8497
2.3636,21.4806,-29.1076
2.3697,20.6013,-30.188
2.3916,23.0245,-28.4925
2.3946,25.3193,-26.2987
2.4045,21.2931,-30.6525
2.4257,28.5532,-24.1045
2.4302,14.3554,-38.4525
2.4383,30.3484,-22.7316
2.4474,30.2629,-23.1263
2.46,24.3621,-29.4546
2.4916,26.3579,-28.534
2.4932,26.9002,-28.0475
2.5246,24.8731,-31.1542
2.5292,30.3886,-25.8002
2.5324,29.0157,-27.2834
2.5336,20.4376,-35.9033
2.5341,28.4581,-27.9003
2.5456,22.8974,-33.8612
2.5502,24.6182,-32.3001
2.5681,24.3604,-33.1828
2.5807,21.9997,-35.9841
2.5819,24.4734,-33.5524
2.5985,25.2955,-33.3164
2.5999,22.9039,-35.7549
2.6078,21.4877,-37.4535
2.6305,22.6834,-37.0604
2.6399,26.2654,-33.8166
2.6501,24.0826,-36.3624
2.654,25.8583,-34.7271
2.6885,29.4504,-32.3788
2.7103,26.6047,-36.0125
2.7369,31.5973,-31.9943
2.7638,27.5126,-37.0658
2.7676,26.8531,-37.8667
2.7841,30.2665,-35.0659
2.7881,24.4126,-41.0663
2.8079,28.4592,-37.7576
2.8099,22.889,-43.4051
2.8121,24.9702,-41.4039
2.8274,32.0849,-34.8645
2.8323,27.3937,-39.7384
2.8487,29.2028,-38.5481
2.853,35.1721,-32.7398
2.8898,30.9835,-38.3272
2.9038,32.1853,-37.6611
2.9129,30.2996,-39.8935
2.916,26.5303,-43.7843
2.9184,29.7683,-40.6384
2.928,36.2778,-34.4964
2.9631,28.3891,-43.7437
2.986,25.4864,-47.5389
3.0222,27.5978,-46.851
3.0431,26.1694,-49.1075
3.0465,27.7712,-47.6383
3.08,31.1771,-45.5675
3.0839,34.5501,-42.3504
3.0851,32.2955,-44.6536
3.089,33.0804,-44.025
3.1005,25.7984,-51.771
3.1195,22.9483,-55.3861
3.1407,28.1361,-51.0572
3.1792,28.5119,-52.2543
3.1832,31.0345,-49.8927
3.1932,31.5115,-49.8269
3.2088,33.9089,-48.0727
3.2147,28.7574,-53.468
3.2298,35.0166,-47.8332
3.2325,32.6131,-50.3496
3.2336,26.1578,-56.8509
3.2374,26.312,-56.8569
3.2405,33.9836,-49.3104
3.2618,32.4591,-51.727
3.2689,36.7056,-47.7753
3.2721,33.3693,-51.2444
3.2904,29.2575,-56.1265
3.315,33.9434,-52.4768
3.3298,27.857,-59.1916
3.3412,38.2191,-49.316
3.3969,37.2265,-52.6953
3.4045,30.301,-59.9512
3.412,29.5501,-61.026
3.4429,30.3491,-61.5685
3.4524,37.296,-55.0356
3.4647,37.5414,-55.3279
3.4683,31.3095,-61.7168
3.4858,28.2946,-65.5026
3.5094,31.2673,-63.5675
3.5095,30.0495,-64.7912
3.5483,29.7591,-66.8078
3.5489,35.2283,-61.3612
3.56,33.9006,-63.1879
3.5682,43.4362,-54.018
3.5702,36.3591,-61.1869
3.5793,26.709,-71.2443
3.5844,34.4731,-63.7074
3.5884,27.6117,-70.7522
3.5889,39.4007,-58.9822
3.5942,35.5796,-63.0444
3.6017,38.1282,-60.8321
3.6303,32.0085,-68.2465
3.6331,26.3596,-74.0226
3.6373,37.7033,-62.8707
3.653,33.6953,-67.5932
3.6595,43.1394,-58.4459
3.6875,38.7835,-64.0872
3.6988,37.7633,-65.6267
3.7133,37.8172,-66.2421
3.7188,34.3746,-69.94
3.7446,44.3328,-61.1806
3.7469,39.964,-65.6565
3.758,46.5064,-59.6306
3.7618,30.0486,-76.2676
3.7716,38.0163,-68.7584
3.7955,31.5386,-76.3578
3.8029,34.326,-73.9148
3.8157,43.7045,-65.1428
3.8498,44.4849,-65.978
3.8545,37.2195,-73.4666
3.8625,45.474,-65.5957
3.8666,43.1375,-68.1274
3.8783,45.4437,-66.3814
3.8796,42.0985,-69.7889
3.8871,40.4606,-71.7855
3.892,35.5896,-76.8922
3.9426,40.2972,-74.6235
3.9475,36.0662,-79.0945
3.9602,34.7481,-81.0283
