t (yr),P1_x (AU),P1_y (AU),P2_x (AU),P2_y (AU),P3_x (AU),P3_y (AU),P4_x (AU),P4_y (AU),P5_x (AU),P5_y (AU)
0.00,0.50000,0.00000,1.00000,0.00000,1.58740,0.00000,4.00000,0.00000,10.00000,0.00000
0.01,0.49969,0.08906,0.99506,0.06283,1.58661,0.04987,3.99846,0.03504,9.99898,0.00222
0.02,0.49877,0.17804,0.98020,0.12560,1.58428,0.09971,3.99385,0.07005,9.99592,0.00444
0.03,0.49725,0.26685,0.95551,0.18821,1.58042,0.14951,3.98616,0.10502,9.99081,0.00665
0.04,0.49513,0.35541,0.92110,0.25059,1.57502,0.19924,3.97541,0.13992,9.98365,0.00887
0.05,0.49242,0.44365,0.87714,0.31265,1.56807,0.24888,3.96160,0.17475,9.97444,0.01108
0.06,0.48912,0.53147,0.82387,0.37430,1.55959,0.29841,3.94474,0.20946,9.96319,0.01329
0.07,0.48524,0.61877,0.76159,0.43542,1.54957,0.34780,3.92484,0.24402,9.94989,0.01549
0.08,0.48079,0.70546,0.69055,0.49591,1.53804,0.39702,3.90192,0.27841,9.93455,0.01768
0.09,0.47578,0.79143,0.61109,0.55566,1.52500,0.44605,3.87600,0.31260,9.91718,0.01987
0.10,0.47023,0.87658,0.52358,0.61456,1.51049,0.49486,3.84711,0.34657,9.89779,0.02205
0.11,0.46415,0.96082,0.42845,0.67250,1.49453,0.54342,3.81527,0.38029,9.87638,0.02422
0.12,0.45756,1.04403,0.32620,0.72935,1.47716,0.59170,3.78052,0.41374,9.85297,0.02638
0.13,0.45046,1.12613,0.21738,0.78499,1.45840,0.63968,3.74289,0.44690,9.82756,0.02854
0.14,0.44288,1.20698,0.10260,0.83930,1.43828,0.68733,3.70243,0.47975,9.80017,0.03068
0.15,0.43484,1.28652,-0.02047,0.89218,1.41685,0.73464,3.65917,0.51227,9.77082,0.03282
0.16,0.42634,1.36467,-0.14881,0.94350,1.39414,0.78158,3.61317,0.54445,9.73952,0.03494
0.17,0.41740,1.44136,-0.28189,0.99317,1.37019,0.82813,3.56447,0.57626,9.70630,0.03706
0.18,0.40804,1.51651,-0.41907,1.04107,1.34499,0.87427,3.51314,0.60769,9.67116,0.03916
0.19,0.39828,1.59005,-0.55977,1.08709,1.31860,0.91997,3.45924,0.63872,9.63413,0.04125
0.20,0.38814,1.66191,-0.70335,1.13113,1.29107,0.96521,3.40285,0.66932,9.59523,0.04333
0.21,0.37763,1.73202,-0.84918,1.17308,1.26244,1.01000,3.34404,0.69949,9.55447,0.04539
0.22,0.36677,1.80031,-0.99661,1.21285,1.23274,1.05429,3.28289,0.72921,9.51187,0.04744
0.23,0.35558,1.86672,-1.14498,1.25032,1.20202,1.09808,3.21948,0.75846,9.46745,0.04947
0.24,0.34407,1.93118,-1.29367,1.28540,1.17030,1.14136,3.15392,0.78725,9.42122,0.05149
0.25,0.33226,1.99364,-1.44208,1.31801,1.13763,1.18413,3.08630,0.81555,9.37320,0.05349
0.26,0.32015,2.05404,-1.58963,1.34803,1.10403,1.22638,3.01675,0.84336,9.32341,0.05548
0.27,0.30777,2.11232,-1.73577,1.37538,1.06954,1.26810,2.94537,0.87067,9.27187,0.05745
0.28,0.29513,2.16843,-1.87999,1.40000,1.03419,1.30927,2.87229,0.89746,9.21860,0.05940
0.29,0.28224,2.22232,-2.02179,1.42183,0.99801,1.34990,2.79764,0.92373,9.16363,0.06134
0.30,0.26912,2.27393,-2.16075,1.44080,0.96105,1.39000,2.72154,0.94946,9.10700,0.06325
0.31,0.25579,2.32321,-2.29641,1.45686,0.92333,1.42956,2.64413,0.97463,9.04873,0.06515
0.32,0.24225,2.37012,-2.42838,1.46995,0.88490,1.46857,2.56555,0.99924,8.98884,0.06703
0.33,0.22854,2.41461,-2.55627,1.48004,0.84578,1.50703,2.48593,1.02326,8.92737,0.06889
0.34,0.21466,2.45664,-2.67977,1.48708,0.80601,1.54492,2.40540,1.04669,8.86436,0.07073
0.35,0.20063,2.49618,-2.79862,1.49104,0.76563,1.58223,2.32408,1.06950,8.79983,0.07255
0.36,0.18648,2.53320,-2.91263,1.49187,0.72468,1.61893,2.24211,1.09169,8.73383,0.07436
0.37,0.17222,2.56767,-3.02162,1.48958,0.68319,1.65502,2.15961,1.11324,8.66640,0.07614
0.38,0.15788,2.59957,-3.12543,1.48418,0.64120,1.69047,2.07671,1.13414,8.59756,0.07791
0.39,0.14347,2.62888,-3.22394,1.47570,0.59874,1.72526,1.99351,1.15438,8.52737,0.07965
0.40,0.12900,2.65558,-3.31698,1.46416,0.55586,1.75938,1.91014,1.17393,8.45585,0.08138
0.41,0.11448,2.67965,-3.40445,1.44962,0.51260,1.79282,1.82670,1.19280,8.38304,0.08309
0.42,0.09993,2.70108,-3.48625,1.43213,0.46898,1.82554,1.74332,1.21096,8.30897,0.08477
0.43,0.08535,2.71987,-3.56232,1.41177,0.42507,1.85754,1.66010,1.22841,8.23368,0.08643
0.44,0.07076,2.73600,-3.63255,1.38861,0.38090,1.88879,1.57717,1.24513,8.15721,0.08807
0.45,0.05615,2.74947,-3.69688,1.36275,0.33653,1.91929,1.49463,1.26111,8.07959,0.08969
0.46,0.04153,2.76027,-3.75525,1.33427,0.29201,1.94901,1.41258,1.27633,8.00088,0.09128
0.47,0.02692,2.76840,-3.80763,1.30327,0.24738,1.97793,1.33113,1.29079,7.92113,0.09285
0.48,0.01232,2.77386,-3.85397,1.26986,0.20268,2.00603,1.25039,1.30446,7.84037,0.09439
0.49,-0.00224,2.77665,-3.89422,1.23414,0.15797,2.03328,1.17046,1.31735,7.75865,0.09591
0.50,-0.01676,2.77676,-3.92837,1.19623,0.11328,2.05967,1.09145,1.32943,7.67603,0.09739
0.51,-0.03124,2.77419,-3.95640,1.15626,0.06866,2.08518,1.01347,1.34070,7.59254,0.09886
0.52,-0.04566,2.76894,-3.97828,1.11434,0.02414,2.10978,0.93663,1.35114,7.50824,0.10029
0.53,-0.06002,2.76101,-3.99401,1.07062,2.27439,0.04018,2.13346,0.86095,1.36074,7.42319,0.10170
0.54,-0.07431,2.75040,-4.00355,1.02521,-0.06825,2.15617,0.78652,1.36949,7.33744,0.10308
0.55,-0.08851,2.73713,-4.00689,0.97825,-0.11267,2.17789,0.71333,1.37736,7.25105,0.10443
0.56,-0.10263,2.72120,-4.00403,0.92988,-0.15694,2.19857,0.64150,1.38435,7.16408,0.10575
0.57,-0.11663,2.70262,-3.99496,0.88024,-0.20102,2.21818,0.57117,1.39045,7.07659,0.10704
0.58,-0.13052,2.68140,-3.97970,0.82946,-0.24490,2.23668,0.50249,1.39567,6.98864,0.10830
0.59,-0.14427,2.65755,-3.95825,0.77769,-0.28854,2.25399,0.43559,1.40000,6.90030,0.10953
0.60,-0.15788,2.63109,-3.93064,0.72509,-0.33194,2.27010,0.37061,1.40344,6.81163,0.11073
0.61,-0.17134,2.60205,-3.89689,0.67180,-0.37508,2.28492,0.30767,1.40600,6.72269,0.11190
0.62,-0.18464,2.57045,-3.85703,0.61800,-0.41794,2.29841,0.24689,1.40767,6.63354,0.11304
0.63,-0.19777,2.53633,-3.81110,0.56381,-0.46049,2.31050,0.18841,1.40845,6.54425,0.11415
0.64,-0.21072,2.49970,-3.75916,0.50938,-0.50272,2.32115,0.13233,1.40834,6.45489,0.11523
0.65,-0.22349,2.46061,-3.70128,0.45488,-0.54460,2.33031,0.07877,1.40733,6.36551,0.11627
0.66,-0.23605,2.41910,-3.63753,0.40047,-0.58612,2.33790,0.02782,1.40544,6.27618,0.11728
0.67,-0.24840,2.37519,-3.56801,0.34633,-0.62725,2.34390,-0.01977,1.40266,6.18696,0.11826
0.68,-0.26053,2.32895,-3.49280,0.29261,-0.66798,2.34827,-0.06456,1.39899,6.09791,0.11921
0.69,-0.27244,2.28043,-3.41203,0.23948,-0.70829,2.35100,-0.10657,1.39443,6.00908,0.12012
0.70,-0.28410,2.22971,-3.32580,0.18712,-0.74815,2.35207,-0.14589,1.38899,5.92055,0.12100
0.71,-0.29551,2.17684,-3.23423,0.13571,-0.78756,2.35147,-0.18267,1.38268,5.83236,0.12185
0.72,-0.30665,2.12188,-3.13745,0.08544,-0.82650,2.34919,-0.21703,1.37550,5.74459,0.12266
0.73,-0.31751,2.06490,-3.03560,0.03650,-0.86494,2.34522,-0.24909,1.36746,5.65729,0.12343
0.74,-0.32808,2.00596,-2.92880,-0.01053,-0.90288,2.33957,-0.27898,1.35857,5.57053,0.12417
0.75,-0.33834,1.94514,-2.81717,-0.05608,-0.94028,2.33224,-0.30682,1.34884,5.48439,0.12487
0.76,-0.34827,1.88251,-2.70085,-0.10006,-0.97714,2.32323,-0.33273,1.33830,5.39893,0.12553
0.77,-0.35787,1.81815,-2.58000,-0.14238,-1.01344,2.31256,-0.35683,1.32696,5.31422,0.12615
0.78,-0.36711,1.75215,-2.45476,-0.18300,-1.04916,2.30023,-0.37924,1.31484,5.23032,0.12673
0.79,-0.37599,1.68459,-2.32529,-0.22184,-1.08429,2.28628,-0.39999,1.30198,5.14728,0.12727
0.80,-0.38450,1.61555,-2.19176,-0.25883,-1.11881,2.27072,-0.41920,1.28841,5.06518,0.12776
0.81,-0.39260,1.54515,-2.05435,-0.29391,-1.15270,2.25357,-0.43699,1.27417,4.98408,0.12821
0.82,-0.40029,1.47346,-1.91325,-0.32700,-1.18596,2.23485,-0.45347,1.25930,4.90403,0.12862
0.83,-0.40756,1.40058,-1.76867,-0.35805,-1.21856,2.21460,-0.46876,1.24383,4.82511,0.12898
0.84,-0.41438,1.32662,-1.62083,-0.38699,-1.25050,2.19283,-0.48297,1.22779,4.74738,0.12930
0.85,-0.42074,1.25167,-1.47000,-0.41378,-1.28175,2.16957,-0.49621,1.21124,4.67090,0.12956
0.86,-0.42664,1.17586,-1.31644,-0.43837,-1.31230,2.14488,-0.50859,1.19420,4.59573,0.12979
0.87,-0.43206,1.09930,-1.16041,-0.46074,-1.34215,2.11880,-0.52021,1.17671,4.52194,0.12996
0.88,-0.43700,1.02211,-1.00218,-0.48086,-1.37127,2.09138,-0.53119,1.15879,4.44958,0.13009
0.89,-0.44144,0.94438,-0.84201,-0.49872,-1.39967,2.06269,-0.54163,1.14049,4.37871,0.13017
0.90,-0.44538,0.86622,-0.68019,-0.51429,-1.42733,2.03277,-0.55164,1.12185,4.30939,0.13021
0.91,-0.44881,0.78772,-0.51699,-0.52758,-1.45425,2.00170,-0.56132,1.10291,4.24167,0.13020
0.92,-0.45173,0.70899,-0.35269,-0.53856,-1.48041,1.96954,-0.57077,1.08371,4.17561,0.13014
0.93,-0.45414,0.63013,-0.18758,-0.54722,-1.50580,1.93635,-0.58009,1.06429,4.11126,0.13005
0.94,-0.45604,0.55122,-0.02196,-0.55355,-1.53040,1.90218,-0.58936,1.04469,4.04868,0.12991
0.95,-0.45743,0.47238,0.14371,-0.55755,-1.55420,1.86709,-0.59869,1.02494,3.98792,0.12973
0.96,-0.45831,0.39369,0.30948,-0.55921,-1.57718,1.83115,-0.60814,1.00508,3.92905,0.12952
0.97,-0.45869,0.31525,0.47522,-0.55856,-1.59934,1.79442,-0.61780,0.98514,3.87212,0.12926
0.98,-0.45855,0.23714,0.64079,-0.55561,-1.62066,1.75697,-0.62773,0.96517,3.81717,0.12897
0.99,-0.45791,0.15945,0.80607,-0.55038,-1.64112,1.71887,-0.63799,0.94520,3.76426,0.12863
1.00,-0.45677,0.08226,0.97092,-0.54288,-1.66072,1.68019,-0.64867,0.92529,3.71343,0.12826
1.01,-0.45512,0.00566,1.13524,-0.53316,-1.67945,1.64100,-0.65982,0.90547,3.66474,0.12785
1.02,-0.45298,-0.07026,1.29891,-0.52125,-1.69728,1.60137,-0.67150,0.88577,3.61823,0.12740
1.03,-0.45034,-0.14562,1.46182,-0.50719,-1.71421,1.56138,-0.68378,0.86622,3.57396,0.12692
1.04,-0.44721,-0.22036,1.62386,-0.49103,-1.73024,1.52110,-0.69670,0.84687,3.53198,0.12639
1.05,-0.44359,-0.29440,1.78492,-0.47283,-1.74536,1.48060,-0.71034,0.82775,3.49232,0.12583
1.06,-0.43950,-0.36767,1.94491,-0.45265,-1.75956,1.44000,-0.72477,0.80888,3.45504,0.12523
1.07,-0.43493,-0.44010,2.10373,-0.43058,-1.77284,1.39937,-0.74005,0.79031,3.42016,0.12459
1.08,-0.42989,-0.51163,2.26127,-0.40668,-1.78520,1.35882,-0.75626,0.77207,3.38770,0.12392
1.09,-0.42439,-0.58220,2.41743,-0.38104,-1.79664,1.31846,-0.77346,0.75420,3.35769,0.12321
1.10,-0.41843,-0.65175,2.57211,-0.35375,-1.80716,1.27837,-0.79172,0.73673,3.33013,0.12247
1.11,-0.41203,-0.72023,2.72521,-0.32490,-1.81677,1.23868,-0.81112,0.71970,3.30504,0.12170
1.12,-0.40519,-0.78759,2.87664,-0.29457,-1.82547,1.19946,-0.83173,0.70314,3.28240,0.12089
1.13,-0.39794,-0.85378,3.02631,-0.26286,-1.83327,1.16084,-0.85363,0.68710,3.26222,0.12006
1.14,-0.39027,-0.91876,3.17413,-0.22986,-1.84017,1.12290,-0.87687,0.67162,3.24450,0.11920
1.15,-0.38221,-0.98248,3.32001,-0.19566,-1.84619,1.08575,-0.90153,0.65672,3.22923,0.11831
1.16,-0.37377,-1.04490,3.46387,-0.16035,-1.85133,1.04948,-0.92768,0.64245,3.21642,0.11740
1.17,-0.36496,-1.10600,3.60563,-0.12403,-1.85562,1.01419,-0.95537,0.62884,3.20606,0.11646
1.18,-0.35581,-1.16572,3.74523,-0.08678,-1.85906,0.98000,-0.98468,0.61591,3.19815,0.11549
1.19,-0.34633,-1.22405,3.88258,-0.04870,-1.86168,0.94700,-1.01569,0.60370,3.19268,0.11451
1.20,-0.33653,-1.28094,4.01760,-0.00989,-1.86350,0.91529,-1.04847,0.59223,3.18963,0.11349
1.21,-0.32644,-1.33635,4.15024,0.02967,-1.86455,0.88497,-1.08311,0.58152,3.18901,0.11246
1.22,-0.31608,-1.39023,4.28043,0.06990,-1.86485,0.85614,-1.11969,0.57161,3.19080,0.11140
1.23,-0.30546,-1.44256,4.40810,0.11075,-1.86443,0.82889,-1.15832,0.56250,3.19500,0.11033
1.24,-0.29461,-1.49330,4.53320,0.15217,-1.86333,0.80332,-1.19910,0.55424,3.20159,0.10924
1.25,-0.28354,-1.54242,4.65564,0.19412,-1.86157,0.77953,-1.24213,0.54685,3.21056,0.10813
1.26,-0.27226,-1.58988,4.77537,0.23653,-1.85918,0.75760,-1.28751,0.54035,3.22188,0.10701
1.27,-0.26080,-1.63564,4.89230,0.27938,-1.85619,0.73764,-1.33535,0.53479,3.23555,0.10587
1.28,-0.24917,-1.67966,5.00639,0.32262,-1.85265,0.71971,-1.38576,0.53020,3.25152,0.10472
1.29,-0.23739,-1.72191,5.11756,0.36622,-1.84858,0.70390,-1.43885,0.52661,3.26978,0.10355
1.30,-0.22549,-1.76236,5.22576,0.41014,-1.84400,0.69026,-1.49474,0.52405,3.29030,0.10237
1.31,-0.21348,-1.80097,5.33090,0.45432,-1.83897,0.67885,-1.55353,0.52255,3.31304,0.10117
1.32,-0.20138,-1.83770,5.43290,0.49873,-1.83350,0.66973,-1.61536,0.52216,3.33798,0.09996
1.33,-0.18920,-1.87253,5.53169,0.54331,-1.82762,0.66295,-1.68032,0.52293,3.36507,0.09874
1.34,-0.17696,-1.90541,5.62720,0.58800,-1.82136,0.65857,-1.74853,0.52490,3.39427,0.09750
1.35,-0.16467,-1.93631,5.71936,0.63274,-1.81473,0.65664,-1.82010,0.52814,3.42555,0.09625
1.36,-0.15234,-1.96519,5.80811,0.67749,-1.80777,0.65721,-1.89512,0.53270,3.45887,0.09499
1.37,-0.13998,-1.99201,5.89337,0.72219,-1.80050,0.66033,-1.97371,0.53864,3.49421,0.09371
1.38,-0.12760,-2.01676,5.97508,0.76677,-1.79294,0.66606,-2.05597,0.54602,3.53154,0.09242
1.39,-0.11522,-2.03940,6.05318,0.81119,-1.78512,0.67445,-2.14199,0.55490,3.57082,0.09112
1.40,-0.10283,-2.05990,6.12760,0.85539,-1.77705,0.68555,-2.23188,0.56534,3.61202,0.08980
1.41,-0.09045,-2.07824,6.19828,0.89932,-1.76878,0.69941,-2.32573,0.57739,3.65509,0.08848
1.42,-0.07807,-2.09440,6.26516,0.94292,-1.76032,0.71607,-2.42363,0.59110,3.69999,0.08714
1.43,-0.06570,-2.10836,6.32818,0.98613,-1.75171,0.73559,-2.52569,0.60653,3.74669,0.08580
1.44,-0.05333,-2.12010,6.38728,1.02889,-1.74296,0.75799,-2.63200,0.62374,3.79515,0.08445
1.45,-0.04097,-2.12960,6.45638,1.07409,-1.73413,0.78330,-2.74266,0.64278,3.84534,0.08309
1.46,-0.02863,-2.13684,6.49514,1.11707,-1.72524,0.81156,-2.85779,0.66370,3.89722,0.08172
1.47,-0.01630,-2.14181,6.54924,1.15949,-1.71633,0.84279,-2.97747,0.68656,3.95076,0.08035
1.48,-0.00399,-2.14449,6.59976,1.20130,-1.70741,0.87700,-3.10182,0.71141,4.00591,0.07897
1.49,0.00829,-2.14488,6.64661,1.24244,-1.69850,0.91420,-3.23094,0.73831,4.06263,0.07758
1.50,0.02055,-2.14297,6.68972,1.28286,-1.68962,0.95440,-3.36493,0.76732,4.12089,0.07618
1.51,0.03279,-2.13876,6.72905,1.32252,-1.68079,0.99760,-3.50390,0.79851,4.18063,0.07478
1.52,0.04501,-2.13226,6.76451,1.36136,-1.67202,1.04377,-3.64796,0.83193,4.24182,0.07338
1.53,0.05719,-2.12347,6.79607,1.39935,-1.66333,1.09292,-3.79723,0.86765,4.30441,0.07196
1.54,0.06932,-2.11239,6.82367,1.43644,-1.65474,1.14502,-3.95181,0.90572,4.36835,0.07055
1.55,0.08140,-2.09904,6.84729,1.47259,-1.64627,1.20005,-4.11181,0.94621,4.43358,0.06912
1.56,0.09341,-2.08343,6.86689,1.50774,-1.63795,1.25799,-4.27732,0.98918,4.50005,0.06770
1.57,0.10534,-2.06556,6.88243,1.54185,-1.62980,1.31881,-4.44846,1.03468,4.56770,0.06627
1.58,0.11718,-2.04546,6.89388,1.57486,-1.62184,1.38248,-4.62534,1.08277,4.63647,0.06484
1.59,0.12891,-2.02315,6.90119,1.60673,-1.61411,1.44900,-4.80806,1.13350,4.70632,0.06341
1.60,0.14053,-1.99865,6.90434,1.63742,-1.60662,1.51833,-4.99673,1.18691,4.77718,0.06197
1.61,0.15201,-1.97200,6.90333,1.66687,-1.59940,1.59048,-5.19148,1.24304,4.84898,0.06053
1.62,0.16335,-1.94323,6.89814,1.69504,-1.59246,1.66539,-5.39242,1.30193,4.92167,0.05908
1.63,0.17452,-1.91238,6.87979,1.72188,-1.58584,1.74301,-5.59966,1.36363,4.99516,0.05764
1.64,0.18552,-1.87948,6.86249,1.74836,-1.57956,1.82328,-5.81331,1.42818,5.06938,0.05619
1.65,0.19632,-1.84457,6.83758,1.77341,-1.57363,1.90615,-6.03348,1.49563,5.14424,0.05474
1.66,0.20692,-1.80770,6.81155,1.79795,-1.56807,1.99158,-6.26027,1.56602,5.21966,0.05329
1.67,0.21728,-1.76891,6.78018,1.82143,-1.56291,2.07950,-6.49381,1.63939,5.29555,0.05184
1.68,0.22740,-1.72824,6.74812,1.84439,-1.55816,2.16987,-6.73420,1.71576,5.37184,0.05039
1.69,0.23725,-1.68576,6.71185,1.86657,-1.55383,2.26260,-6.98157,1.79518,5.44845,0.04894
1.70,0.24682,-1.64152,6.67451,1.88835,-1.55008,2.35764,-7.23606,1.87768,5.52528,0.04749
1.71,0.25609,-1.59559,6.63469,1.90954,-1.54677,2.45491,-7.49780,1.96329,5.60226,0.04604
1.72,0.26505,-1.54805,6.59207,1.93006,-1.54397,2.55436,-7.76690,2.05202,5.67930,0.04459
1.73,0.27367,-1.49897,6.54636,1.94982,-1.54173,2.65592,-8.04351,2.14390,5.75633,0.04314
1.74,0.28193,-1.44843,6.49727,1.96874,-1.54010,2.75954,-8.32777,2.23901,5.83327,0.04169
1.75,0.28982,-1.39651,6.44455,1.98675,-1.53907,2.86518,-8.61981,2.33735,5.90998,0.04025
1.76,0.29731,-1.34329,6.38794,2.00378,-1.53870,2.97277,-8.91979,2.43896,5.98638,0.03881
1.77,0.30438,-1.28885,6.32721,2.01976,-1.53901,3.08226,-9.22784,2.54388,6.06236,0.03737
1.78,0.31102,-1.23328,6.26217,2.03463,-1.54005,3.19361,-9.54413,2.65213,6.13781,0.03593
1.79,0.31720,-1.17666,6.19262,2.04834,-1.54181,3.30676,-9.86877,2.76377,6.21262,0.03450
1.80,0.32292,-1.11907,6.11840,2.06085,-1.54433,3.42168,-10.20186,2.87883,6.28670,0.03306
1.81,0.32815,-1.06059,6.03936,2.07212,-1.54763,3.53830,-10.54350,2.99732,6.35994,0.03163
1.82,0.33288,-1.00130,5.95537,2.08212,-1.55171,3.65659,-10.89381,3.11929,6.43224,0.03020
1.83,0.33709,-0.94129,5.86632,2.09081,-1.55661,3.77651,-11.25290,3.24474,6.50352,0.02878
1.84,0.34076,-0.88062,5.77212,2.09817,-1.56233,3.89803,-11.62089,3.37372,6.57366,0.02735
1.85,0.34389,-0.81938,5.67268,2.10419,-1.56888,4.02111,-12.00030,3.50571,6.64257,0.02593
1.86,0.34645,-0.75765,5.56795,2.10884,-1.57626,4.14570,-12.38370,3.64273,6.71015,0.02452
1.87,0.34844,-0.69550,5.45785,2.11210,-1.58448,4.27178,-12.77170,3.78465,6.77632,0.02310
1.88,0.34984,-0.63302,5.34233,2.11394,-1.59353,4.39930,-13.16480,3.93155,6.84102,0.02169
1.89,0.35065,-0.57029,5.22137,2.11434,-1.60341,4.52825,-13.56360,4.08343,6.90416,0.02028
1.90,0.35086,-0.50742,5.09495,2.11329,-1.61413,4.65856,-13.96860,4.24036,6.96568,0.01887
1.91,0.35046,-0.44449,4.96309,2.11078,-1.62568,4.79018,-14.38050,4.40242,7.02553,0.01747
1.92,0.34945,-0.38160,4.82580,2.10682,-1.63806,4.92298,-14.79980,4.56965,7.08365,0.01607
1.93,0.34784,-0.31885,4.68309,2.10140,-1.65127,5.05690,-15.22720,4.74211,7.13998,0.01467
1.94,0.34560,-0.25633,4.53500,2.09452,-1.66531,5.19183,-15.66330,4.91986,7.19449,0.01328
1.95,0.34275,-0.19412,4.38155,2.08619,-1.68018,5.32766,-16.10880,5.10296,7.24713,0.01189
1.96,0.33927,-0.13233,4.22280,2.07643,-1.69588,5.46430,-16.56420,5.29147,7.29786,0.01050
1.97,0.33517,-0.07106,4.05881,2.06525,-1.71241,5.60166,-17.02980,5.48545,7.34664,0.00912
1.98,0.33045,-0.01040,3.88965,2.05267,-1.72977,5.73960,-17.50630,5.68496,7.39345,0.00773
1.99,0.32510,0.04969,3.71539,2.03871,-1.74796,5.87802,-17.99420,5.89006,7.43823,0.00635
2.00,0.31913,0.10931,3.53612,2.02339,-1.76698,6.01676,-18.49410,6.10081,7.48096,0.00497
2.01,0.31254,0.16843,3.35232,2.00673,-1.78683,6.15570,-19.00670,6.31728,7.52158,0.00359
2.02,0.30533,0.22702,3.16335,1.98877,-1.80750,6.29474,-19.53270,6.53952,7.56006,0.00221
2.03,0.29750,0.28507,2.96989,1.96954,-1.82898,6.43372,-20.07290,6.76760,7.59635,0.00084
2.04,0.28906,0.34255,2.77259,1.94908,-1.85127,6.57253,-20.62800,7.00159,7.63044,-0.00054
2.05,0.28000,0.39945,2.57212,1.92742,-1.87436,6.71110,-21.19880,7.24155,7.66228,-0.00191
2.06,0.27033,0.45574,2.36906,1.90460,-1.89825,6.84931,-21.78600,7.48755,7.69188,-0.00328
2.07,0.26006,0.51140,2.16401,1.88069,-1.92293,6.98708,-22.39040,7.73966,7.71922,-0.00465
2.08,0.24918,0.56642,1.95758,1.85573,-1.94839,7.12431,-23.01280,7.99793,7.74428,-0.00602
2.09,0.23770,0.62078,1.75037,1.82977,-1.97462,7.26093,-23.65390,8.26244,7.76707,-0.00739
2.10,0.22562,0.67446,1.54298,1.80287,-2.00162,7.39686,-24.31460,8.53325,7.78757,-0.00876
2.11,0.21295,0.72744,1.33599,1.77508,-2.02937,7.53202,-24.99580,8.81044,7.80577,-0.01013
2.12,0.19970,0.77970,1.12999,1.74647,-2.05788,7.66633,-25.69830,9.09407,7.82166,-0.01150
2.13,0.18588,0.83120,0.92556,1.71710,-2.08713,7.79972,-26.42300,9.38421,7.83523,-0.01287
2.14,0.17150,0.88193,0.72328,1.68704,-2.11711,7.93213,-27.17080,9.68093,7.84646,-0.01424
2.15,0.15657,0.93186,0.52372,1.65636,-2.14783,8.06348,-27.94250,9.98428,7.85536,-0.01561
2.16,0.14111,0.98097,0.32746,1.62512,-2.17926,8.19371,-28.73900,10.29433,7.86191,-0.01697
2.17,0.12513,1.02924,0.13506,1.59339,-2.21141,8.32276,-29.56130,10.61114,7.86611,-0.01834
2.18,0.10864,1.07664,-0.05364,1.56123,-2.24426,8.45055,-30.41010,10.93475,7.86796,-0.01970
2.19,0.09166,1.12316,-0.23788,1.52870,-2.27780,8.57703,-31.28630,11.26521,7.86745,-0.02106
2.20,0.07421,1.16878,-0.41724,1.49587,-2.31203,8.70216,-32.19080,11.60256,7.86458,-0.02242
2.21,0.05630,1.21348,-0.59132,1.46280,-2.34692,8.82590,-33.12450,11.94685,7.85934,-0.02378
2.22,0.03795,1.25725,-0.75971,1.42954,-2.38246,8.94819,-34.08830,12.29813,7.85172,-0.02514
2.23,0.01918,1.30007,-0.92203,1.39617,-2.41864,9.06899,-35.08310,12.65646,7.84172,-0.02649
2.24,-0.00000,1.34193,-1.07790,1.36275,-2.45544,9.18826,-36.10990,13.02190,7.82933,-0.02784
2.25,-0.01962,1.38281,-1.22699,1.32936,-2.49285,9.30596,-37.16960,13.39452,7.81454,-0.02919
2.26,-0.03901,1.42269,-1.36900,1.29606,-2.53086,9.42205,-38.26320,13.77437,7.79735,-0.03054
2.27,-0.05814,1.46155,-1.50365,1.26294,-2.56945,9.53650,-39.39170,14.16152,7.77777,-0.03188
2.28,-0.07699,1.49936,-1.63068,1.23005,-2.60860,9.64927,-40.55620,14.55604,7.75577,-0.03322
2.29,-0.09553,1.53612,-1.74987,1.19747,-2.64831,9.76033,-41.75770,14.95800,7.73136,-0.03456
2.30,-0.11374,1.57181,-1.86098,1.16531,-2.68856,9.86965,-42.99720,15.36746,7.70453,-0.03589
2.31,-0.13159,1.60639,-1.96381,1.13364,-2.72934,9.97722,-44.27580,15.78448,7.67527,-0.03722
2.32,-0.14906,1.63986,-2.05819,1.10255,-2.77063,10.08301,-45.59460,16.20914,7.64359,-0.03855
2.33,-0.16613,1.67219,-2.14397,1.07212,-2.81242,10.18700,-46.95450,16.64150,7.60950,-0.03987
2.34,-0.18279,1.70335,-2.22106,1.04245,-2.85469,10.28917,-48.35670,17.08162,7.57300,-0.04119
2.35,-0.19901,1.73332,-2.28938,1.01362,-2.89743,10.38948,-49.80210,17.52957,7.53409,-0.04250
2.36,-0.21479,1.76207,-2.34888,0.98572,-2.94061,10.48792,-51.29170,17.98541,7.49279,-0.04381
2.37,-0.23010,1.78957,-2.39953,0.95882,-2.98423,10.58447,-52.82640,18.44920,7.44911,-0.04512
2.38,-0.24495,1.81580,-2.44129,0.93302,-3.02826,10.67912,-54.40720,18.92102,7.40306,-0.04642
2.39,-0.25932,1.84074,-2.47413,0.90840,-3.07270,10.77185,-56.03520,19.40090,7.35467,-0.04771
2.40,-0.27318,1.86437,-2.49800,0.88503,-3.11754,10.86266,-57.71120,19.88892,7.30396,-0.04899
2.41,-0.28653,1.88667,-2.51288,0.86298,-3.16275,10.95152,-59.43630,20.38515,7.25096,-0.05027
2.42,-0.29936,1.90762,-2.51877,0.84232,-3.20833,11.03844,-61.21140,20.88967,7.19570,-0.05154
2.43,-0.31165,1.92721,-2.51564,0.82312,-3.25425,11.12338,-63.03750,21.40256,7.13821,-0.05280
2.44,-0.32338,1.94541,-2.50346,0.80545,-3.30051,11.20633,-64.91550,21.92388,7.07853,-0.05406
2.45,-0.33455,1.96221,-2.48222,0.78940,-3.34708,11.28726,-66.84650,22.45370,7.01669,-0.05531
2.46,-0.34513,1.97758,-2.45191,0.77502,-3.39396,11.36615,-68.83150,22.99209,6.95275,-0.05655
2.47,-0.35510,1.99150,-2.41253,0.76239,-3.44112,11.44299,-70.87150,23.53912,6.88674,-0.05778
2.48,-0.36446,2.00400,-2.36407,0.75158,-3.48855,11.51775,-72.96760,24.09485,6.81872,-0.05900
2.49,-0.37318,2.01507,-2.30654,0.74268,-3.53624,11.59042,-75.12070,24.65934,6.74872,-0.06022
2.50,-0.38125,2.02472,-2.24000,0.73575,-3.58417,11.66099,-77.33180,25.23267,6.67679,-0.06143
2.51,-0.38865,2.03294,-2.16453,0.73087,-3.63232,11.72944,-79.60190,25.81491,6.60298,-0.06263
2.52,-0.39535,2.03975,-2.08020,0.72810,-3.68068,11.79576,-81.93200,26.40614,6.52735,-0.06382
2.53,-0.40135,2.04515,-1.98711,0.72752,-3.72922,11.85994,-84.32310,27.00642,6.44994,-0.06501
2.54,-0.40663,2.04913,-1.88537,0.72918,-3.77793,11.92197,-86.77610,27.61582,6.37081,-0.06619
2.55,-0.41117,2.05168,-1.77511,0.73315,-3.82679,11.98182,-89.29210,28.23439,6.29003,-0.06736
2.56,-0.41496,2.05282,-1.65646,0.73950,-3.87576,12.03947,-91.87200,28.86221,6.20764,-0.06853
2.57,-0.41798,2.05252,-1.52955,0.74830,-3.92484,12.09491,-94.51690,29.49933,6.12371,-0.06969
2.58,-0.42023,2.05079,-1.39452,0.75962,-3.97400,12.14810,-97.22870,30.14582,6.03830,-0.07084
2.59,-0.42168,2.04764,-1.25150,0.77353,-4.02322,12.19902,-100.00840,30.80174,5.95147,-0.07199
2.60,-0.42233,2.04306,-1.10065,0.79010,-4.07248,12.24765,-102.85700,31.46714,5.86329,-0.07313
2.61,-0.42217,2.03707,-0.94212,0.80939,-4.12177,12.29396,-105.77560,32.14210,5.77382,-0.07426
2.62,-0.42118,2.02967,-0.77609,0.83146,-4.17106,12.33792,-108.76510,32.82667,5.68313,-0.07538
2.63,-0.41936,2.02086,-0.60271,0.85638,-4.22033,12.37951,-111.82640,33.52092,5.59129,-0.07650
2.64,-0.41670,2.01065,-0.42214,0.88421,-4.26955,12.41872,-114.96060,34.22492,5.49836,-0.07761
2.65,-0.41319,1.99905,-0.23455,0.91500,-4.31870,12.45552,-118.16870,34.93874,5.40441,-0.07871
2.66,-0.40884,1.98606,-0.04015,0.94883,-4.36776,12.48991,-121.45150,35.66244,5.30950,-0.07980
2.67,-0.40362,1.97169,0.15939,0.98576,-4.41671,12.52187,-124.81000,36.39608,5.21370,-0.08088
2.68,-0.39754,1.95595,0.36531,1.02584,-4.46552,12.55138,-128.24520,37.13972,5.11707,-0.08196
2.69,-0.39059,1.93885,0.57700,1.06915,-4.51417,12.57843,-131.75890,37.89341,5.01968,-0.08302
2.70,-0.38276,1.92040,0.79402,1.11575,-4.56263,12.60300,-135.35290,38.65721,4.92160,-0.08408
2.71,-0.37405,1.90060,1.01594,1.16572,-4.61089,12.62509,-139.02880,39.43118,4.82290,-0.08513
2.72,-0.36444,1.87948,1.24234,1.21914,-4.65893,12.64468,-142.78840,40.21539,4.72365,-0.08617
2.73,-0.35392,1.85703,1.47285,1.27608,-4.70672,12.66177,-146.63350,41.00990,4.62391,-0.08720
2.74,-0.34249,1.83327,1.70707,1.33660,-4.75424,12.67634,-150.56580,41.81480,4.52377,-0.08823
2.75,-0.33014,1.80820,1.94464,1.40078,-4.80147,12.68840,-154.58720,42.63013,4.42330,-0.08924
2.76,-0.31686,1.78183,2.18520,1.46867,-4.84839,12.69796,-158.69940,43.45601,4.32258,-0.09025
2.77,-0.30265,1.75417,2.42839,1.54035,-4.89498,12.70500,-162.90420,44.29251,4.22168,-0.09124
2.78,-0.28749,1.72522,2.67389,1.61589,-4.94121,12.70953,-167.20350,45.13977,4.12068,-0.09223
2.79,-0.27138,1.69499,2.92135,1.69537,-4.98708,12.71156,-171.59900,45.99786,4.01966,-0.09321
2.80,-0.25432,1.66350,3.17042,1.77884,-5.03255,12.71106,-176.09240,46.86683,3.91869,-0.09418
2.81,-0.23631,1.63076,3.42079,1.86637,-5.07761,12.70805,-180.68550,47.74673,3.81786,-0.09514
2.82,-0.21735,1.59680,3.67210,1.95801,-5.12224,12.70251,-185.38000,48.63762,3.71725,-0.09609
2.83,-0.19743,1.56163,3.92398,2.05380,-5.16642,12.69446,-190.17750,49.53956,3.61694,-0.09703
2.84,-0.17657,1.52528,4.17610,2.15378,-5.21014,12.68388,-195.07990,50.45262,3.51703,-0.09796
2.85,-0.15476,1.48777,4.42813,2.25798,-5.25338,12.67078,-200.08900,51.37686,3.41761,-0.09888
2.86,-0.13200,1.44913,4.67977,2.36645,-5.29612,12.65516,-205.20640,52.31235,3.31876,-0.09979
2.87,-0.10830,1.40939,4.93072,2.47923,-5.33834,12.63702,-210.43410,53.25916,3.22058,-0.10069
2.88,-0.08365,1.36859,5.18069,2.59637,-5.38003,12.61635,-215.77390,54.21737,3.12316,-0.10158
2.89,-0.05807,1.32675,5.42938,2.71790,-5.42116,12.59316,-221.22770,55.18706,3.02660,-0.10246
2.90,-0.03155,1.28392,5.67652,2.84387,-5.46171,12.56743,-226.79750,56.16831,2.93099,-0.10333
2.91,-0.00411,1.24013,5.92186,2.97433,-5.50167,12.53915,-232.48510,57.16120,2.83642,-0.10418
2.92,0.02422,1.19541,6.16515,3.10935,-5.54100,12.50832,-238.29250,58.16581,2.74300,-0.10503
2.93,0.05342,1.14980,6.40614,3.24898,-5.57969,12.47494,-244.22150,59.18222,2.65080,-0.10587
2.94,0.08349,1.10334,6.64461,3.39327,-5.61771,12.43900,-250.27380,60.21051,2.55994,-0.10670
2.95,0.11440,1.05606,6.88031,3.54228,-5.65504,12.40049,-256.45130,61.25078,2.47047,-0.10752
2.96,0.14613,1.00801,7.11299,3.69607,-5.69166,12.35942,-262.75580,62.30310,2.38249,-0.10833
2.97,0.17865,0.95922,7.34241,3.85469,-5.72754,12.31577,-269.18930,63.36756,2.29606,-0.10912
2.98,0.21191,0.90974,7.56834,4.01821,-5.76267,12.26955,-275.75350,64.44422,2.21128,-0.10991
2.99,0.24588,0.85962,7.79056,4.18667,-5.79703,12.22075,-282.45030,65.53316,2.12822,-0.11069
3.00,0.28052,0.80890,8.00885,4.36015,-5.83059,12.16938,-289.28160,66.63445,2.04698,-0.11145
3.01,0.31577,0.75764,8.22300,4.53871,-5.86334,12.11543,-296.24920,67.74815,1.96763,-0.11221
3.02,0.35158,0.70588,8.43282,4.72242,-5.89525,12.05891,-303.35480,68.87433,1.89025,-0.11296
3.03,0.38790,0.65369,8.63811,4.91136,-5.92631,11.99983,-310.59990,70.01306,1.81492,-0.11369
3.04,0.42468,0.60111,8.83868,5.10557,-5.95650,11.93821,-317.98630,71.16439,1.74170,-0.11442
3.05,0.46187,0.54820,9.03437,5.30514,-5.98579,11.87405,-325.51540,72.32839,1.67067,-0.11513
3.06,0.49942,0.49498,9.22497,5.51012,-6.01417,11.80738,-333.18870,73.50512,1.60193,-0.11583
3.07,0.53728,0.44150,9.41029,5.72058,-6.04161,11.73822,-341.00760,74.69466,1.53554,-0.11652
3.08,0.57540,0.38781,9.59017,5.93658,-6.06810,11.66661,-348.97340,75.89708,1.47158,-0.11720
3.09,0.61372,0.33396,9.76445,6.15819,-6.09360,11.59257,-357.08740,77.11244,1.41014,-0.11787
3.10,0.65219,0.27999,9.93297,6.38547,-6.11809,11.51614,-365.35080,78.34080,1.35129,-0.11853
3.11,0.69074,0.22596,10.09559,6.61847,-6.14155,11.43735,-373.76490,79.58223,1.29511,-0.11917
3.12,0.72932,0.17192,10.25217,6.85724,-6.16395,11.35626,-382.33080,80.83680,1.24169,-0.11981
3.13,0.76787,0.11791,10.40259,7.10183,-6.18526,11.27291,-391.04940,82.10459,1.19111,-0.12044
3.14,0.80632,0.06399,10.54673,7.35227,-6.20546,11.18738,-399.92160,83.38567,1.14343,-0.12105
3.15,0.84462,0.01021,10.68449,7.60862,-6.22453,11.09971,-408.94820,84.68010,1.09873,-0.12165
3.16,0.88269,-0.04332,10.81577,7.87094,-6.24243,11.00996,-418.13000,85.98797,1.05708,-0.12224
3.17,0.92051,-0.09659,10.94047,8.13936,-6.25916,10.91819,-427.46780,87.30932,1.01854,-0.12282
3.18,0.95802,-0.14952,11.05852,8.41396,-6.27469,10.82449,-436.96220,88.64423,0.98319,-0.12338
3.19,0.99518,-0.20202,11.16987,8.69485,-6.28901,10.72892,-446.61410,89.99275,0.95110,-0.12393
3.20,1.03197,-0.25399,1.00445,10.15842,8.98213,-6.30209,10.63158,-456.42400,91.35496,0.92233,-0.12446
3.21,1.06834,-0.30537,11.37213,9.27857,-6.31393,10.53258,-466.39260,92.73092,0.89694,-0.12498
3.22,1.10427,-0.35610,11.46467,9.57597,-6.32450,10.43141,-476.52050,94.12070,0.87503,-0.12549
3.23,1.13972,-0.40611,11.55018,9.87971,-6.33379,10.32873,-486.80820,95.52438,0.85666,-0.12598
3.24,1.17466,-0.45532,11.62858,10.18987,-6.34179,10.22464,-497.25620,96.94202,0.84193,-0.12645
3.25,1.20906,-0.50367,11.70014,10.50654,-6.34848,10.11925,-507.86530,98.37367,0.83090,-0.12691
3.26,1.24289,-0.55110,11.76483,10.82980,-6.35384,10.01264,-518.63600,99.81940,0.82365,-0.12735
3.27,1.27613,-0.59754,11.82276,11.15975,-6.35787,9.90494,-529.56910,101.27926,0.82025,-0.12777
3.28,1.30876,-0.64295,11.87401,11.49646,-6.36055,9.79624,-540.66530,102.75330,0.82078,-0.12817
3.29,1.34076,-0.68726,11.91866,11.83999,-6.36187,9.68668,-551.92550,104.24156,0.82531,-0.12855
3.30,1.37211,-0.73045,11.95679,12.19040,-6.36184,9.57639,-563.35030,105.74411,0.83391,-0.12891
3.31,1.40279,-0.77249,11.98848,12.54778,-6.36044,9.46550,-574.94070,107.26100,0.84664,-0.12925
3.32,1.43280,-0.81335,12.01384,12.91219,-6.35767,9.35413,-586.70000,108.79230,0.86355,-0.12957
3.33,1.46211,-0.85302,12.03296,13.28368,-6.35352,9.24240,-598.62920,110.33800,0.88470,-0.12986
3.34,1.49071,-0.89146,12.04595,13.66230,-6.34799,9.13045,-610.73020,111.89810,0.91013,-0.13013
3.35,1.51858,-0.92866,12.05291,14.04812,-6.34107,9.01840,-623.00420,113.47270,0.93990,-0.13038
3.36,1.54570,-0.96460,12.05400,14.44118,-6.33276,8.90637,-635.45220,115.06190,0.97405,-0.13060
3.37,1.57207,-0.99926,12.04934,14.84157,-6.32306,8.79448,-648.07540,116.66570,1.01262,-0.13080
3.38,1.59766,-1.03264,12.03906,15.24933,-6.31198,8.68285,-660.87500,118.28430,1.05567,-0.13098
3.39,1.62247,-1.06473,12.02330,15.66455,-6.29952,8.57161,-673.85230,119.91770,1.10323,-0.13113
3.40,1.64648,-1.09552,12.00216,16.08729,-6.28569,8.46089,-687.00840,121.56600,1.15538,-0.13126
3.41,1.66967,-1.12501,11.97576,16.51761,-6.27049,8.35080,-700.34480,123.22930,1.21217,-0.13136
3.42,1.69205,-1.15318,11.94420,16.95558,-6.25394,8.24147,-713.86280,124.90760,1.27367,-0.13144
3.43,1.71360,-1.18003,11.90760,17.40127,-6.23604,8.13298,-727.56380,126.60100,1.33994,-0.13149
3.44,1.73431,-1.20554,11.86609,17.85474,-6.21680,8.02545,-741.44920,128.31000,1.41108,-0.13151
3.45,1.75419,-1.22971,11.81981,18.31607,-6.19623,7.91898,-755.52040,130.03450,1.48718,-0.13151
3.46,1.77322,-1.25251,11.76889,18.78531,-6.17435,7.81368,-769.77880,131.77500,1.56832,-0.13148
3.47,1.79140,-1.27394,11.71348,19.26253,-6.15118,7.70966,-784.22590,133.53180,1.65460,-0.13143
3.48,1.80873,-1.29399,11.65370,19.74779,-6.12674,7.60702,-798.86310,135.30510,1.74610,-0.13134
3.49,1.82520,-1.31265,11.58969,20.24116,-6.10105,7.50587,-813.69180,137.09520,1.84291,-0.13123
3.50,1.84081,-1.32991,11.52157,20.74270,-6.07415,7.40632,-828.71340,138.90230,1.94512,-0.13109
3.51,1.85556,-1.34575,11.44949,21.25249,-6.04607,7.30847,-843.92920,140.72650,2.05282,-0.13092
3.52,1.86944,-1.36017,11.37357,21.77059,-6.01684,7.21243,-859.34060,142.56810,2.16611,-0.13073
3.53,1.88245,-1.37316,11.29395,22.29707,-5.98650,7.11831,-874.94890,144.42720,2.28509,-0.13051
3.54,1.89458,-1.38470,11.21074,22.83199,-5.95508,7.02621,-890.75540,146.30400,2.40985,-0.13027
3.55,1.90583,-1.39478,11.12407,23.37542,-5.92262,6.93623,-906.76140,148.19850,2.54050,-0.13000
3.56,1.91620,-1.40338,11.03405,23.92742,-5.88915,6.84848,-922.96810,150.11100,2.67713,-0.12971
3.57,1.92569,-1.41051,10.94082,24.48805,-5.85472,6.76306,-939.37680,152.04160,2.81985,-0.12939
3.58,1.93429,-1.41614,10.84451,25.05739,-5.81937,6.68007,-955.98900,153.99040,2.96874,-0.12905
3.59,1.94200,-1.42028,10.74524,25.63550,-5.78314,6.59961,-972.80590,155.95760,3.12391,-0.12869
3.60,1.94883,-1.42291,10.64312,26.22246,-5.74608,6.52179,-989.82880,157.94340,3.28545,-0.12830
3.61,1.95477,-1.42402,10.53829,26.81834,-5.70824,6.44670,-1007.05880,159.94780,3.45348,-0.12789
3.62,1.95982,-1.42359,10.43085,27.42323,-5.66967,6.37443,-1024.49720,161.97100,3.62810,-0.12746
3.63,1.96400,-1.42163,10.32095,28.03720,-5.63042,6.30507,-1042.14500,164.01320,3.80940,-0.12701
3.64,1.96730,-1.41812,10.20872,28.66034,-5.59055,6.23871,-1060.00360,166.07450,3.99750,-0.12653
3.65,1.96971,-1.41306,10.09431,29.29272,-5.55011,6.17544,-1078.07410,168.15500,4.19251,-0.12604
3.66,1.97124,-1.40645,9.97787,29.93444,-5.50916,6.11534,-1096.35780,170.25480,4.39454,-0.12552
3.67,1.97187,-1.39828,9.85955,30.58557,-5.46776,6.05849,-1114.85590,172.37410,4.60370,-0.12499
3.68,1.97161,-1.38856,9.73952,31.24618,-5.42597,6.00497,-1133.56960,174.51300,4.82012,-0.12443
3.69,1.97044,-1.37730,9.61793,31.91636,-5.38385,5.95484,-1152.49990,176.67150,5.04391,-0.12386
3.70,1.96836,-1.36452,9.49493,32.59618,-5.34148,5.90820,-1171.64810,178.84980,5.27518,-0.12327
3.71,1.96538,-1.35022,9.37068,33.28574,-5.29891,5.86512,-1191.01520,181.04800,5.51403,-0.12265
3.72,1.96149,-1.33441,9.24535,33.98511,-5.25621,5.82568,-1210.60250,183.26620,5.76056,-0.12202
3.73,1.95669,-1.31709,9.11912,34.69438,-5.21345,5.78996,-1230.41110,185.50450,6.01488,-0.12137
3.74,1.95100,-1.29828,8.99214,35.41364,-5.17069,5.75803,-1250.44220,187.76300,6.27710,-0.12070
3.75,1.94440,-1.27798,8.86458,36.14300,-5.12799,5.72995,-1270.69700,190.04180,6.54731,-0.12002
3.76,1.93690,-1.25621,8.73660,36.88255,-5.08544,5.70580,-1291.17670,192.34110,6.82562,-0.11931
3.77,1.92851,-1.23300,8.60835,37.63242,-5.04310,5.68564,-1311.88240,194.66110,7.11211,-0.11859
3.78,1.91924,-1.20835,8.47997,38.39269,-5.00106,5.66953,-1332.81530,197.00190,7.40690,-0.11785
3.79,1.90909,-1.18228,8.35160,39.16349,-4.95939,5.65755,-1353.97640,199.36370,7.70058,-0.11698
3.80,1.89807,-1.15481,8.22336,39.94490,-4.91819,5.64978,-1375.36700,201.74660,8.00694,-0.11624
3.81,1.88619,-1.12600,8.09539,40.73703,-4.87752,5.64630,-1396.98810,204.15090,8.32230,-0.11548
3.82,1.87346,-1.09587,7.96781,41.53999,-4.83748,5.64718,-1418.84090,206.57650,8.64670,-0.11470
3.83,1.85990,-1.06444,7.84074,42.35388,-4.79813,5.65251,-1440.92650,209.02360,8.98031,-0.11391
3.84,1.84552,-1.03176,7.71430,43.17882,-4.75956,5.66236,-1463.24600,211.49240,9.32328,-0.11311
3.85,1.83032,-0.99786,7.58861,44.01492,-4.72183,5.67679,-1485.80050,213.98300,9.67576,-0.11229
3.86,1.81432,-0.96277,7.46380,44.86228,-4.68502,5.69586,-1508.59130,216.49550,10.03792,-0.11146
3.87,1.79753,-0.92654,7.34000,45.72099,-4.64918,5.71964,-1531.62000,219.02980,10.41000,-0.11061
3.88,1.77996,-0.88921,7.21733,46.59117,-4.61439,5.74820,-1554.88780,221.58610,10.79216,-0.10976
3.89,1.76162,-0.85082,7.09592,47.47291,-4.58071,5.78160,-1578.39600,224.16450,11.18456,-0.10889
3.90,1.74254,-0.81140,6.97588,48.36631,-4.54823,5.81992,-1602.14600,226.76500,11.58737,-0.10801
3.91,1.72274,-0.77098,6.85732,49.27147,-4.51699,5.86322,-1626.13900,229.38780,12.00076,-0.10712
3.92,1.70223,-0.72960,6.74034,50.18848,-4.48708,5.91157,-1650.37680,232.03300,12.42491,-0.10621
3.93,1.68103,-0.68731,6.62503,51.11743,-4.45862,5.96504,-1674.86090,234.70080,12.85999,-0.10530
3.94,1.65916,-0.64414,6.51147,52.05842,-4.43169,6.02370,-1699.59320,237.39130,13.30616,-0.10437
3.95,1.63663,-0.59997,6.39974,53.01153,-4.40643,6.08761,-1724.57530,240.10460,13.76361,-0.10343
3.96,1.61346,-0.55500,6.28991,53.97686,-4.38294,6.15682,-1749.80870,242.84080,14.23250,-0.10247
3.97,1.58966,-0.50920,6.18206,54.95450,-4.36132,6.23140,-1775.29490,245.60000,14.71302,-0.10151
3.98,1.56525,-0.46261,6.07623,55.94452,-4.34171,6.31140,-1801.03540,248.38230,15.20536,-0.10053
3.99,1.54024,-0.41525,5.97249,56.94701,-4.32422,6.39700,-1827.03150,251.18780,15.70973,-0.09955
4.00,1.51465,-0.36712,5.87090,57.96205,-4.30898,6.48825,-1853.28470,254.01650,16.22631,-0.09855
